,,,,safety
,,,,shooting
,,,,suspect
,,,,shooter
,,,,fire
,,,,shot
,,,,rescue
,,,,arrest
,,,,rifle
,,,,shoot
,,,,shooting
,,,,assault
,,,,bomb
,,,,gun
,,,,chopper
,,,,kill
,,,,troop
,,,,personnel
,,,,murder
,,,,earthquake
,,,,crash
,,,,fight
,,,,custody
,,,,security
,,,,victim
,,,,killer
,,,,criminal
,,,,firearm
,,,,disaster
,,,,bombing
,,,,trooper
,,,,wreak
,,,,fatality
,,,,safeness
,,,,threaten
,,,,havoc
,,,,rampage
,,,,emergency
,,,,injury
,,,,radiation
,,,,alarm
,,,,precaution
,,,,harass
,,,,rebel
,,,,terror
,,,,preparedness
,,,,arson
,,,,rape
,,,,safe
,,,,gunman
,,,,gunship
,,,,terrorize
,,,,arsonist
,,,,attack
,,,,spill
,,,,steal
,,,,burglar
,,,,revolt
,,,,#keepsafe
,,,,caution
,,,,injure
,,,,gannon
,,,,riot
