",",",",",",",",aback,
,,,,abandoned,
,,,,abased,
,,,,abashed,
,,,,abated,
,,,,abducted,
,,,,aberrant,
,,,,aberration,
,,,,abhorred,
,,,,abhorrent,
,,,,abiding,
,,,,abject,
,,,,ablaze,
,,,,able,
,,,,abnormal,
,,,,aboard,
,,,,abolished,
,,,,abominable,
,,,,aboriginal </font></td>,
,,,,"<td valign=""top""><font size=""1"" face=""Verdana"">aborted",
,,,,abortive,
,,,,abounding,
,,,,about,
,,,,above average,
,,,,abrasive,
,,,,abrupt,
,,,,absent,
,,,,absent-minded,
,,,,absolved,
,,,,absorbed,
,,,,absorbent,
,,,,absorbing,
,,,,abstemious,
,,,,abstract,
,,,,absurd,
,,,,abstracted,
,,,,abulic,
,,,,abused,
,,,,abusive,
,,,,abysmal </font></td>,
,,,,"<td valign=""top""><font size=""1"" face=""Verdana"">abyssal",
,,,,accelerated,
,,,,acceptable,
,,,,accepted,
,,,,accepting,
,,,,accessible,
,,,,accident-prone,
,,,,accidental,
,,,,acclaimed,
,,,,acclimated,
,,,,accommodated,
,,,,accommodating,
,,,,accomplished,
,,,,accosted,
,,,,accosting,
,,,,accountable,
,,,,accredited,
,,,,acrid,
,,,,accurate,
,,,,accursed,
,,,,accusatory </font></td>,
,,,,"<td valign=""top""><font size=""1"" face=""Verdana"">accused",
,,,,accusing,
,,,,acerbic,
,,,,aching,
,,,,acknowledged,
,,,,acquiescent,
,,,,acquisitive,
,,,,acrimonious,
,,,,activated,
,,,,active,
,,,,actualized,
,,,,accurate,
,,,,ad hoc,
,,,,adaptable,
,,,,adapted,
,,,,adamant,
,,,,addicted,
,,,,addled,
,,,,adept,
,,,,adequate,
,,,,adhered to </font></td>,
,,,,"<td valign=""top""><font size=""1"" face=""Verdana"">adhering",
,,,,adhesive,
,,,,adjoined,
,,,,adjoined to,
,,,,adjoined with,
,,,,adjoining,
,,,,admirable,
,,,,admiration,
,,,,admired,
,,,,admiring,
,,,,admonished,
,,,,adopted,
,,,,adorable,
,,,,adored,
,,,,adoring,
,,,,adorned,
,,,,adrift,
,,,,adroit,
,,,,adult,
,,,,adulterated,
,,,,adulterous </font></td>,
,,,,"<td valign=""top""><font size=""1"" face=""Verdana"">advanced",
,,,,adventurous,
,,,,adverse,
,,,,affable,
,,,,affected,
,,,,affection,
,,,,affectionate,
,,,,affirmed,
,,,,afflicted,
,,,,affluent,
,,,,affray,
,,,,affrayed,
,,,,affronted,
,,,,aflutter,
,,,,afraid,
,,,,against,
,,,,agape,
,,,,aggrandized,
,,,,aggravated,
,,,,aggressive,
,,,,aggrieved </font></td>,
,,,,"<td valign=""top""><font size=""1"" face=""Verdana"">aghast",
,,,,agitated,
,,,,aglow,
,,,,agnostic,
,,,,agog,
,,,,agonized,
,,,,agonizing,
,,,,agony,
,,,,agoraphobic,
,,,,agreeable,
,,,,ahead,
,,,,ail,
,,,,ailed,
,,,,aimless,
,,,,airy,
,,,,alarmed,
,,,,alcoholic,
,,,,alert,
,,,,alien,
,,,,alienated,
,,,,alike </font></td>,
,,,,"<td valign=""top""><font size=""1"" face=""Verdana"">alive",
,,,,alleged,
,,,,allied,
,,,,allowed,
,,,,allowing,
,,,,allured,
,,,,alluring,
,,,,alone,
,,,,aloof,
,,,,almighty,
,,,,alright,
,,,,altruistic,
,,,,amateur,
,,,,amazed,
,,,,amazing,
,,,,ambiguous,
,,,,ambitious,
,,,,ambivalent,
,,,,ambushed,
,,,,amenable,
,,,,amiable </font></td>,
,,,,"<td valign=""top""><font size=""1"" face=""Verdana"">amorous",
,,,,ample,
,,,,amuck,
,,,,amused,
,,,,amusing,
,,,,analytical,
,,,,analyzed,
,,,,anarchistic,
,,,,anchored,
,,,,ancient,
,,,,anemic,
,,,,anesthetized,
,,,,angry,
,,,,angst,
,,,,angsty*,
,,,,anguish,
,,,,anguished,
,,,,anhedonic,
,,,,animalistic,
,,,,animated,
,,,,animosity </font></td>,
,,,,"<td valign=""top""><font size=""1"" face=""Verdana"">annihilated",
,,,,<br>,
,,,,annoyed,
,,,,annoying,
,,,,anointed,
,,,,anonymous,
,,,,antagonistic,
,,,,antagonized,
,,,,anticipation,
,,,,antique,
,,,,antiquated,
,,,,antisocial,
,,,,antsy,
,,,,anxiety,
,,,,anxious,
,,,,apart,
,,,,apathetic,
,,,,apathy,
,,,,apologetic,
,,,,apoplectic,
,,,,apologized to,
,,,,appalled </font></td>,
,,,,    </tr>,
,,,,</table>,
,,,,,
,,,,<p>&nbsp;</p>,
,,,,,
,,,,"<table border=""1"" cellpadding=""3"" cellspacing=""3"">",
,,,,    <tr>,
,,,,"<td valign=""top""><font size=""1"" face=""Verdana"">appealed",
,,,,appealing,
,,,,appeased,
,,,,applauded,
,,,,appraised,
,,,,appreciated,
,,,,appreciative,
,,,,apprehension,
,,,,apprehensive,
,,,,approachable,
,,,,appropriate,
,,,,approved,
,,,,approved of,
,,,,approving,
,,,,aquiver,
,,,,archaic,
,,,,ardent,
,,,,arduous,
,,,,argued with,
,,,,argumentative,
,,,,aristocratic </font></td>,
,,,,"<td valign=""top""><font size=""1"" face=""Verdana"">armored",
,,,,aroused,
,,,,arrogant,
,,,,artful,
,,,,articulate,
,,,,artificial,
,,,,artistic,
,,,,artless,
,,,,ascetic,
,,,,ashamed,
,,,,asinine,
,,,,asleep,
,,,,asocial,
,,,,asphyxiated,
,,,,aspiring,
,,,,assaulted,
,,,,assertive,
,,,,assessed,
,,,,assisted,
,,,,assuaged,
,,,,assured </font></td>,
,,,,"<td valign=""top""><font size=""1"" face=""Verdana"">astonished",
,,,,<br>,
,,,,astonishing,
,,,,astounded,
,,,,astute,
,,,,asymmetrical,
,,,,at a loss,
,,,,at ease,
,,,,at home,
,,,,at peace,
,,,,at peril,
,,,,at rest,
,,,,at risk,
,,,,at war,
,,,,ataraxic,
,,,,atrocious,
,,,,atrophied,
,,,,attached,
,,,,attacked,
,,,,attentive,
,,,,attracted,
,,,,attractive </font></td>,
,,,,"<td valign=""top""><font size=""1"" face=""Verdana"">attuned",
,,,,atypical,
,,,,audacious,
,,,,auspicious,
,,,,austere,
,,,,authentic,
,,,,authoritarian,
,,,,authoritative,
,,,,autistic,
,,,,autocratic,
,,,,automated,
,,,,automatic,
,,,,available,
,,,,avaricious,
,,,,avenged,
,,,,average,
,,,,aversion,
,,,,aversive,
,,,,avid,
,,,,avoided,
,,,,awake </font></td>,
,,,,"<td valign=""top""><font size=""1"" face=""Verdana"">awakened",
,,,,aware,
,,,,awe,
,,,,awed,
,,,,awesome,
,,,,awestruck,
,,,,awful,
,,,,awkward,
,,,,awry,
,,,,axiomatic,
,,,,<br>,
,,,,<br>,
,,,,B,
,,,,=========,
,,,,<br>,
,,,,babied,
,,,,babyish,
,,,,backward,
,,,,bad,
,,,,bad-tempered,
,,,,badgered </font></td>,
,,,,"<td valign=""top""><font size=""1"" face=""Verdana"">baffled",
,,,,baited,
,,,,balanced,
,,,,ballistic,
,,,,bamboozled,
,,,,banal,
,,,,banished,
,,,,bankrupt,
,,,,banned,
,,,,bantered,
,,,,bare,
,,,,barracked,
,,,,barraged,
,,,,barbarous,
,,,,barbarous,
,,,,barred,
,,,,barren,
,,,,base,
,,,,bashful,
,,,,battered,
,,,,battle-weary </font></td>,
,,,,"<td valign=""top""><font size=""1"" face=""Verdana"">battle-worn",
,,,,<br>,
,,,,batty,
,,,,bawdy,
,,,,bawled out,
,,,,bearable,
,,,,bearish,
,,,,beastly,
,,,,beat,
,,,,beaten,
,,,,beaten down,
,,,,beatific,
,,,,beautiful,
,,,,beckoned,
,,,,bedazzled,
,,,,bedeviled,
,,,,bedraggled,
,,,,befitting,
,,,,befriended,
,,,,befuddled,
,,,,beggarly,
,,,,begged </font></td>,
,,,,"<td valign=""top""><font size=""1"" face=""Verdana"">begrudged",
,,,,beguiled,
,,,,behind,
,,,,beholden,
,,,,beleaguered<br>,
,,,,believed<br>,
,,,,believing<br>,
,,,,belittled,
,,,,bellicose,
,,,,belligerent,
,,,,belonging,
,,,,below average,
,,,,beloved,
,,,,bemeaned,
,,,,bemused,
,,,,benevolent,
,,,,benign,
,,,,bent,
,,,,berated,
,,,,bereaved,
,,,,bereft,
,,,,berserk,
,,,,beseeched </font></td>,
,,,,"<td valign=""top""><font size=""1"" face=""Verdana"">beset",
,,,,besieged,
,,,,besmirched,
,,,,besotted,
,,,,bested,
,,,,bestial,
,,,,betrayed,
,,,,better,
,,,,bewildered,
,,,,bewitched,
,,,,bewitching,
,,,,biased,
,,,,big,
,,,,bilious,
,,,,bitched at,
,,,,bitchin',
,,,,bitchy,
,,,,biting,
,,,,bitter,
,,,,bittersweet,
,,,,bizarre </font></td>,
,,,,"<td valign=""top""><font size=""1"" face=""Verdana"">black",
,,,,blackened,
,,,,blacklisted,
,,,,blackmailed,
,,,,blah,
,,,,blame free,
,,,,blamed,
,,,,blameless,
,,,,blaming,
,,,,bland,
,,,,blank,
,,,,blanketed,
,,,,blase,
,,,,blasphemous,
,,,,blasted,
,,,,bleak,
,,,,bled,
,,,,bleeding,
,,,,blessed,
,,,,blighted,
,,,,blind </font></td>,
,,,,    </tr>,
,,,,</table>,
,,,,,
,,,,<p>&nbsp;</p>,
,,,,,
,,,,"<table border=""1"" cellpadding=""3"" cellspacing=""3"">",
,,,,    <tr>,
,,,,"<td valign=""top""><font size=""1"" face=""Verdana"">bliss",
,,,,blissful,
,,,,blithe,
,,,,blocked,
,,,,bloodthirsty,
,,,,bloody,
,,,,bloody-minded,
,,,,bloomed,
,,,,blooming,
,,,,blossomed,
,,,,blossoming,
,,,,blown apart,
,,,,blown around,
,,,,blown away,
,,,,blown to bits,
,,,,blown to pieces,
,,,,blown up,
,,,,bludgeoned,
,,,,blue,
,,,,blur,
,,,,blurred </font></td>,
,,,,"<td valign=""top""><font size=""1"" face=""Verdana"">blurry",
,,,,blustered,
,,,,boastful,
,,,,bodacious,
,,,,boggled,
,,,,bogus,
,,,,boiling,
,,,,boisterous,
,,,,bold,
,,,,bombarded,
,,,,bombastic,
,,,,bonkers,
,,,,boorish,
,,,,bored,
,,,,boring,
,,,,bossed-around,
,,,,bossy,
,,,,bothered,
,,,,bothersome,
,,,,bottled,
,,,,bottled up </font></td>,
,,,,"<td valign=""top""><font size=""1"" face=""Verdana"">bought",
,,,,bouncy,
,,,,bound,
,,,,bound-up,
,,,,bounded,
,,,,boundless,
,,,,boxed-in,
,,,,boxed-out,
,,,,bowled over,
,,,,braced,
,,,,brainwashable,
,,,,brainwashed,
,,,,brainy,
,,,,brash,
,,,,bratty,
,,,,brave,
,,,,brazen,
,,,,breathless,
,,,,breathtaken,
,,,,breathtaking,
,,,,breezy </font></td>,
,,,,"<td valign=""top""><font size=""1"" face=""Verdana"">brief",
,,,,bridled,
,,,,bright,
,,,,bright eyed,
,,,,bright eyed and bushy tailed,
,,,,brilliant,
,,,,brisk,
,,,,bristling,
,,,,broad,
,,,,broadminded,
,,,,broken,
,,,,broken-hearted,
,,,,broken-down,
,,,,broken-up,
,,,,brooding,
,,,,broody,
,,,,browbeaten,
,,,,bruised,
,,,,brushed-off,
,,,,burly,
,,,,busted </font></td>,
,,,,"<td valign=""top""><font size=""1"" face=""Verdana"">brutal",
,,,,brutalized,
,,,,brutish,
,,,,bubbly,
,,,,bucky * see note below,
,,,,buffeted,
,,,,bugged,
,,,,buggered,
,,,,bulldozed,
,,,,bullied,
,,,,bullish,
,,,,bullshitted,
,,,,bullshitted to,
,,,,bummed,
,,,,bummed out,
,,,,buoyant,
,,,,burdened,
,,,,burdensome,
,,,,buried,
,,,,burned,
,,,,burned-out </font></td>,
,,,,"<td valign=""top""><font size=""1"" face=""Verdana"">burned-up",
,,,,bursting,
,,,,bushed,
,,,,bushwhacked,
,,,,busy,
,,,,buzzed,
,,,,bypassed,
,,,,<br>,
,,,,<br>,
,,,,C,
,,,,=========,
,,,,<br>,
,,,,caged,
,,,,caged in,
,,,,cagey,
,,,,cajoled,
,,,,calculating,
,,,,callous,
,,,,callow,
,,,,calm,
,,,,calmed down </font></td>,
,,,,"<td valign=""top""><font size=""1"" face=""Verdana"">cannibalized",
,,,,<br>,
,,,,canny,
,,,,cantankerous,
,,,,capable,
,,,,capitulated,
,,,,capitulating,
,,,,capitulation,
,,,,capricious,
,,,,captious,
,,,,captivated,
,,,,captivating,
,,,,captive,
,,,,captured,
,,,,cared about,
,,,,cared for,
,,,,carefree,
,,,,careful,
,,,,careless,
,,,,careworn,
,,,,caring,
,,,,carried away </font></td>,
,,,,"<td valign=""top""><font size=""1"" face=""Verdana"">cast",
,,,,cast about,
,,,,cast down,
,,,,cast out,
,,,,castigated,
,,,,catapulted,
,,,,catatonic,
,,,,categorized,
,,,,cathartic,
,,,,catty,
,,,,caught,
,,,,cautious,
,,,,ceaseless,
,,,,cavalier,
,,,,censored,
,,,,censured,
,,,,centered,
,,,,certain,
,,,,chafed,
,,,,chagrined,
,,,,chained </font></td>,
,,,,"<td valign=""top""><font size=""1"" face=""Verdana"">challenged",
,,,,<br>,
,,,,challenging,
,,,,changeable,
,,,,changed,
,,,,changing,
,,,,chaotic,
,,,,chapfallen,
,,,,charged,
,,,,charismatic,
,,,,charitable,
,,,,charmed,
,,,,charming,
,,,,chased,
,,,,chaste,
,,,,chastised,
,,,,chatty,
,,,,cheap,
,,,,cheapened,
,,,,cheated,
,,,,cheated on,
,,,,cheeky </font></td>,
,,,,"<td valign=""top""><font size=""1"" face=""Verdana"">cheerful",
,,,,cheerless,
,,,,cheery,
,,,,cherished,
,,,,chewed-up,
,,,,chic,
,,,,chicken,
,,,,chided,
,,,,childish,
,,,,childless,
,,,,childlike,
,,,,chilled,
,,,,chilling,
,,,,chilly,
,,,,chipper,
,,,,chivalrous,
,,,,choked,
,,,,choked-up,
,,,,choosy,
,,,,chosen,
,,,,chucked out </font></td>,
,,,,    </tr>,
,,,,</table>,
,,,,,
,,,,<p>&nbsp;</p>,
,,,,,
,,,,"<table border=""1"" cellpadding=""3"" cellspacing=""3"">",
,,,,    <tr>,
,,,,"<td valign=""top""><font size=""1"" face=""Verdana"">chuffed",
,,,,churlish,
,,,,circumspect,
,,,,circumvented,
,,,,civil,
,,,,civilized,
,,,,clammy,
,,,,classy,
,,,,claustrophobic,
,,,,clean,
,,,,cleansed,
,,,,clear,
,,,,cleared,
,,,,clear-headed,
,,,,clenched,
,,,,clever,
,,,,clingy,
,,,,cloistered,
,,,,close,
,,,,closed,
,,,,closed in </font></td>,
,,,,"<td valign=""top""><font size=""1"" face=""Verdana"">closed-minded",
,,,,<br>,
,,,,clouded,
,,,,cloudy,
,,,,clowned (made a fool of),
,,,,clued in,
,,,,clueless,
,,,,clumsy,
,,,,clung to,
,,,,coarse,
,,,,coaxed,
,,,,cocky,
,,,,codependent,
,,,,coddled,
,,,,coerced,
,,,,coherent,
,,,,cold,
,,,,cold-blooded,
,,,,cold-hearted,
,,,,collapsed,
,,,,collapsing,
,,,,collected </font></td>,
,,,,"<td valign=""top""><font size=""1"" face=""Verdana"">colonized",
,,,,colorful,
,,,,colossal,
,,,,comatose,
,,,,combative,
,,,,comfortable,
,,,,comforted,
,,,,comfy,
,,,,commanded,
,,,,commanding,
,,,,committed,
,,,,common,
,,,,commonplace,
,,,,communicative,
,,,,communistic,
,,,,comparative,
,,,,compared,
,,,,compassionate,
,,,,compatible,
,,,,compelled,
,,,,compersion </font></td>,
,,,,"<td valign=""top""><font size=""1"" face=""Verdana"">competent",
,,,,competitive,
,,,,complacent,
,,,,complementary,
,,,,complete,
,,,,complex,
,,,,compliant,
,,,,complicated,
,,,,complimentary,
,,,,complimented,
,,,,composed,
,,,,compressed,
,,,,compromised,
,,,,compromising,
,,,,compulsive,
,,,,compunction,
,,,,conceited,
,,,,concentrated,
,,,,concerned,
,,,,condemned,
,,,,condescended to </font></td>,
,,,,"<td valign=""top""><font size=""1"" face=""Verdana"">condescending",
,,,,<br>,
,,,,confident,
,,,,confined,
,,,,confirmed,
,,,,confirming,
,,,,conflicted,
,,,,conforming,
,,,,conformist,
,,,,confounded,
,,,,confronted,
,,,,confronting,
,,,,confrontive,
,,,,confused,
,,,,congenial,
,,,,connected,
,,,,conned,
,,,,conniving,
,,,,conquered,
,,,,conscientious,
,,,,conscious,
,,,,consecrated </font></td>,
,,,,"<td valign=""top""><font size=""1"" face=""Verdana"">conservative",
,,,,<br>,
,,,,considerate,
,,,,considered,
,,,,consistent,
,,,,consoled,
,,,,consoling,
,,,,conspicuous,
,,,,conspiratorial,
,,,,conspired against,
,,,,constrained,
,,,,constricted,
,,,,constructive,
,,,,consulted,
,,,,consumed,
,,,,contagious,
,,,,contained,
,,,,contaminated,
,,,,contemplative,
,,,,contempt,
,,,,contemptible,
,,,,contemptuous </font></td>,
,,,,"<td valign=""top""><font size=""1"" face=""Verdana"">content",
,,,,contented,
,,,,contentious,
,,,,contrarian,
,,,,contrary,
,,,,contradictory,
,,,,contributing,
,,,,contrite,
,,,,controlled,
,,,,controlling,
,,,,convenient,
,,,,conventional,
,,,,convicted,
,,,,convinced,
,,,,convincing,
,,,,convivial,
,,,,cooed to,
,,,,cooing,
,,,,cool,
,,,,cooped up,
,,,,cooperative </font></td>,
,,,,"<td valign=""top""><font size=""1"" face=""Verdana"">copasetic",
,,,,coped with,
,,,,copied,
,,,,coping,
,,,,cordial,
,,,,cornered,
,,,,corralled,
,,,,correct,
,,,,corrosive,
,,,,corrupt,
,,,,corrupted,
,,,,counterfeit,
,,,,counter-,
,,,,productive,
,,,,courageous,
,,,,courteous,
,,,,courtly,
,,,,coveted,
,,,,covetous,
,,,,cowardly,
,,,,coy </font></td>,
,,,,"<td valign=""top""><font size=""1"" face=""Verdana"">cozy",
,,,,crabby,
,,,,crashed,
,,,,crafty,
,,,,cramped,
,,,,cranky,
,,,,crap,
,,,,crappy,
,,,,crass,
,,,,craven,
,,,,craving,
,,,,crazed,
,,,,crazy,
,,,,credible,
,,,,creeped out,
,,,,creepy,
,,,,creative,
,,,,credulous,
,,,,crestfallen,
,,,,criminal,
,,,,crippled </font></td>,
,,,,"<td valign=""top""><font size=""1"" face=""Verdana"">critical",
,,,,criticized,
,,,,crooked,
,,,,cross,
,,,,crossed,
,,,,cross-examined,
,,,,crotchety,
,,,,crowded,
,,,,crucial,
,,,,crucified,
,,,,cruddy,
,,,,crude,
,,,,cruel,
,,,,crummy,
,,,,crumpled,
,,,,crushed,
,,,,cryptic,
,,,,cuckolded,
,,,,cuckoo,
,,,,cuddled,
,,,,cuddly </font></td>,
,,,,    </tr>,
,,,,</table>,
,,,,,
,,,,<p>&nbsp;</p>,
,,,,,
,,,,"<table border=""1"" cellpadding=""3"" cellspacing=""3"">",
,,,,    <tr>,
,,,,"<td valign=""top""><font size=""1"" face=""Verdana"">culled",
,,,,culpable,
,,,,cultivated,
,,,,cultured,
,,,,cumbersome,
,,,,cunning,
,,,,cupidity,
,,,,curious,
,,,,curmudgeonly,
,,,,cursed,
,,,,cut,
,,,,cut-down,
,,,,cute,
,,,,cut-off,
,,,,cynical,
,,,,<br>,
,,,,<br>,
,,,,D,
,,,,========,
,,,,<br>,
,,,,daffy </font></td>,
,,,,"<td valign=""top""><font size=""1"" face=""Verdana"">dainty",
,,,,damaged,
,,,,damaging,
,,,,damned,
,,,,dandy,
,,,,dangerous,
,,,,dapper,
,,,,dared,
,,,,daring,
,,,,dark,
,,,,dashed,
,,,,dashing,
,,,,dastardly,
,,,,daunted,
,,,,dauntless,
,,,,dazed,
,,,,dazzled,
,,,,dazzling,
,,,,dead,
,,,,dead inside,
,,,,deadpan </font></td>,
,,,,"<td valign=""top""><font size=""1"" face=""Verdana"">dear",
,,,,debased,
,,,,debated,
,,,,debauched,
,,,,debilitated,
,,,,debilitating,
,,,,debriefed,
,,,,decadent,
,,,,debonair,
,,,,deceitful,
,,,,deceived,
,,,,decent,
,,,,deceptive,
,,,,decisive,
,,,,decided,
,,,,decimated,
,,,,decorous,
,,,,decrepit,
,,,,decried,
,,,,dedicated,
,,,,deep </font></td>,
,,,,"<td valign=""top""><font size=""1"" face=""Verdana"">deeply",
,,,,defamed,
,,,,deafened,
,,,,defeated,
,,,,defective,
,,,,defenseless,
,,,,defensive,
,,,,deferent,
,,,,defiant,
,,,,deficient,
,,,,defiled,
,,,,definite,
,,,,deflated,
,,,,deformed,
,,,,degenerate,
,,,,degradation,
,,,,degraded,
,,,,dehumanized,
,,,,dejected,
,,,,delayed,
,,,,deleted </font></td>,
,,,,"<td valign=""top""><font size=""1"" face=""Verdana"">deleterious",
,,,,<br>,
,,,,delicate,
,,,,delighted,
,,,,delightful,
,,,,delinquent,
,,,,delirious,
,,,,delivered,
,,,,deluded,
,,,,demanding,
,,,,demeaned,
,,,,demeaning,
,,,,demented,
,,,,democratic,
,,,,demolished,
,,,,demonized,
,,,,demoralized,
,,,,demoralizing,
,,,,demoted,
,,,,demotivated,
,,,,demure,
,,,,denatured </font></td>,
,,,,"<td valign=""top""><font size=""1"" face=""Verdana"">denigrated",
,,,,<br>,
,,,,denounced,
,,,,dense,
,,,,denurtured,
,,,,dependable,
,,,,depended upon,
,,,,dependent,
,,,,depleted,
,,,,deported,
,,,,depraved,
,,,,deprecated,
,,,,depreciated,
,,,,depressed,
,,,,deprived,
,,,,derailed,
,,,,deranged,
,,,,derided,
,,,,derisive,
,,,,desecrated,
,,,,deserted,
,,,,deserving </font></td>,
,,,,"<td><script type=""text/javascript""><!--",
,,,,"google_ad_client = ""pub-0454177167663827"";",
,,,,/* fw ad 2 300x250, created 2/9/11 */
,,,,"google_ad_slot = ""3401630883"";",
,,,,google_ad_width = 300;,
,,,,google_ad_height = 250;,
,,,,//-->,
,,,,</script> <script,
,,,,"type=""text/javascript""",
,,,,"src=""http://pagead2.googlesyndication.com/pagead/show_ads.js"">",
,,,,</script>,
,,,,</td>,
,,,,    </tr>,
,,,,</table>,
,,,,,
,,,,<p>&nbsp;</p>,
,,,,,
,,,,"<table border=""1"" cellpadding=""3"" cellspacing=""3"">",
,,,,    <tr>,
,,,,"<td valign=""top""><font size=""1"" face=""Verdana"">desiccated",
,,,,<br>,
,,,,desirable,
,,,,desire,
,,,,desired,
,,,,desirous,
,,,,desolate,
,,,,despair,
,,,,despairing,
,,,,desperate,
,,,,despicable,
,,,,despised,
,,,,despondent,
,,,,detailed,
,,,,destitute,
,,,,destroyed,
,,,,destructive,
,,,,desultory,
,,,,detached,
,,,,detained,
,,,,deteriorated,
,,,,determined </font></td>,
,,,,"<td valign=""top""><font size=""1"" face=""Verdana"">detest",
,,,,detestable,
,,,,detested,
,,,,detoxified,
,,,,devaluated,
,,,,devalued,
,,,,devastated,
,,,,developed,
,,,,deviant,
,,,,devil-may-care,
,,,,devious,
,,,,devoid,
,,,,devoid of...,
,,,,devoted,
,,,,devoured,
,,,,devout,
,,,,diabolical,
,,,,diagnosed,
,,,,dictated to,
,,,,dictatorial,
,,,,didactic </font></td>,
,,,,"<td valign=""top""><font size=""1"" face=""Verdana"">different",
,,,,difficult,
,,,,diffident,
,,,,diffused,
,,,,dignified,
,,,,diligent,
,,,,dim,
,,,,dimensionless,
,,,,diminished,
,,,,diminutive,
,,,,diplomatic,
,,,,dire,
,,,,direful,
,,,,direct,
,,,,directionless,
,,,,dirty,
,,,,disabled,
,,,,disaffected,
,,,,disagreeable,
,,,,disalike*,
,,,,disappointed </font></td>,
,,,,"<td valign=""top""><font size=""1"" face=""Verdana"">disappointing",
,,,,<br>,
,,,,disapproved of,
,,,,disapproving,
,,,,disarmed,
,,,,disbelieved,
,,,,disbelieving,
,,,,discardable,
,,,,discarded,
,,,,disciplined,
,,,,discomfit,
,,,,discombobulated,
,,,,disconcerted,
,,,,disconnected,
,,,,disconsolate,
,,,,discontent,
,,,,discontented,
,,,,discounted,
,,,,discouraged,
,,,,discouraging,
,,,,discredited,
,,,,discriminated </font></td>,
,,,,    </tr>,
,,,,</table>,
,,,,,
,,,,<p>&nbsp;</p>,
,,,,,
,,,,<p>&nbsp;</p>,
,,,,,
,,,,"<table border=""1"" cellpadding=""3"" cellspacing=""3"">",
,,,,    <tr>,
,,,,"<td valign=""top""><font size=""1"" face=""Verdana"">discriminating",
,,,,<br>,
,,,,discreet,
,,,,disdain,
,,,,disdained,
,,,,disdainful,
,,,,disembodied,
,,,,disempowered,
,,,,disenchanted,
,,,,disenfranchised,
,,,,disengaged,
,,,,disentangled,
,,,,disfavored,
,,,,disgraced,
,,,,disgraceful,
,,,,disgracing,
,,,,disgruntled,
,,,,disguised,
,,,,disgust,
,,,,disgusted,
,,,,disgusting,
,,,,disharmonious </font></td>,
,,,,"<td valign=""top""><font size=""1"" face=""Verdana"">disheartened",
,,,,<br>,
,,,,disheveled,
,,,,dishonest,
,,,,dishonorable,
,,,,dishonored,
,,,,disillusioned,
,,,,disinclined,
,,,,disingenuous,
,,,,disintegritous *,
,,,,disinterested,
,,,,disjointed,
,,,,dislike,
,,,,disliked,
,,,,dislocated,
,,,,dislodged,
,,,,disloyal,
,,,,dismal,
,,,,dismayed,
,,,,dismembered,
,,,,dismissed,
,,,,dismissive </font></td>,
,,,,"<td valign=""top""><font size=""1"" face=""Verdana"">disobedient",
,,,,<br>,
,,,,disobeyed,
,,,,disorderly,
,,,,disorganized,
,,,,disoriented,
,,,,disowned,
,,,,disparaged,
,,,,dispassionate,
,,,,dispensable,
,,,,dispirited,
,,,,displaced,
,,,,displeased,
,,,,disposable,
,,,,dispossessed,
,,,,disputed,
,,,,disquieted,
,,,,disregarded,
,,,,disrespected,
,,,,disruptive,
,,,,dissatisfied,
,,,,dissected </font></td>,
,,,,"<td valign=""top""><font size=""1"" face=""Verdana"">dissed",
,,,,dissident,
,,,,dissipated,
,,,,dissociated,
,,,,distant,
,,,,distinguished,
,,,,distorted,
,,,,distracted,
,,,,distraught,
,,,,distressed,
,,,,distrusted,
,,,,distrustful,
,,,,disturbed,
,,,,disused,
,,,,ditched,
,,,,divergent,
,,,,diverted,
,,,,divested,
,,,,divisable,
,,,,divided,
,,,,divorced </font></td>,
,,,,"<td valign=""top""><font size=""1"" face=""Verdana"">dizzy",
,,,,docile,
,,,,dogged,
,,,,dogmatic,
,,,,doleful,
,,,,dolorous,
,,,,domestic,
,,,,domesticated,
,,,,dominant,
,,,,dominated,
,,,,dominating,
,,,,domineered,
,,,,domineering,
,,,,done,
,,,,doomed,
,,,,dooped,
,,,,dorky,
,,,,doted on,
,,,,doting,
,,,,double-crossed,
,,,,doubted </font></td>,
,,,,"<td valign=""top""><font size=""1"" face=""Verdana"">doubtful",
,,,,dour,
,,,,dowdy,
,,,,down,
,,,,down and out,
,,,,down in the dumps,
,,,,downcast,
,,,,downhearted,
,,,,downtrodden,
,,,,draconian,
,,,,dragged down,
,,,,drained,
,,,,dramatic,
,,,,drastic,
,,,,drawn away,
,,,,drawn back,
,,,,drawn in,
,,,,drawn toward,
,,,,dread,
,,,,dreaded,
,,,,dreadful </font></td>,
,,,,"<td valign=""top""><font size=""1"" face=""Verdana"">dreamy",
,,,,dreary,
,,,,dried-up,
,,,,driven,
,,,,driven away,
,,,,driven out,
,,,,droll,
,,,,droopy,
,,,,dropped,
,,,,drowning,
,,,,drubbed,
,,,,drummed,
,,,,drunk,
,,,,dry,
,,,,dubious,
,,,,dull,
,,,,dulled,
,,,,dumb,
,,,,dumbfounded,
,,,,dumped,
,,,,dumped on </font></td>,
,,,,"<td valign=""top""><font size=""1"" face=""Verdana"">dumbstruck",
,,,,<br>,
,,,,duped,
,,,,dusty,
,,,,dutiful,
,,,,dwarfed,
,,,,dying,
,,,,dynamic,
,,,,dysfunctional,
,,,,dysphoric,
,,,,dysthymic,
,,,,<br>,
,,,,<br>,
,,,,<br>,
,,,,E,
,,,,========,
,,,,<br>,
,,,,eager,
,,,,early,
,,,,earnest,
,,,,earthy,
,,,,eased </font></td>,
,,,,"<td valign=""top""><font size=""1"" face=""Verdana"">easy",
,,,,easy-going,
,,,,ebullient,
,,,,eccentric,
,,,,eclectic,
,,,,eclipsed,
,,,,economical,
,,,,ecstatic,
,,,,edgy,
,,,,edified,
,,,,edifying,
,,,,educated,
,,,,effaced,
,,,,effective,
,,,,effeminate,
,,,,effervescent,
,,,,effete,
,,,,efficacious,
,,,,efficient,
,,,,effusive,
,,,,egocentric </font></td>,
,,,,"<td valign=""top""><font size=""1"" face=""Verdana"">egotistic",
,,,,egotistical,
,,,,elastic,
,,,,elated,
,,,,elevated,
,,,,elderly,
,,,,electric,
,,,,electrified,
,,,,elegant,
,,,,elevated,
,,,,elite,
,,,,eloquent,
,,,,elusive,
,,,,emancipated,
,,,,emasculated,
,,,,embarrassed,
,,,,embittered,
,,,,emboldened,
,,,,embryonic,
,,,,emerged,
,,,,eminent </font></td>,
,,,,    </tr>,
,,,,</table>,
,,,,,
,,,,<p>&nbsp;</p>,
,,,,,
,,,,"<table border=""1"" cellpadding=""3"" cellspacing=""3"">",
,,,,    <tr>,
,,,,"<td valign=""top""><font size=""1"" face=""Verdana"">emotional",
,,,,emotionless,
,,,,emotionally bankrupt,
,,,,emotionally bloated,
,,,,emotionally constipated,
,,,,emotionally literate,
,,,,emotionally illiterate,
,,,,emotive,
,,,,empathetic,
,,,,empathic,
,,,,emphatic,
,,,,empowered,
,,,,empty,
,,,,empty of (feeling word),
,,,,enabled,
,,,,enamored,
,,,,enchanted,
,,,,enchanting,
,,,,enclosed,
,,,,encompassed,
,,,,encouraged </font></td>,
,,,,"<td valign=""top""><font size=""1"" face=""Verdana"">encouraging",
,,,,<br>,
,,,,encroached upon,
,,,,encumbered,
,,,,endangered,
,,,,endeared,
,,,,endearing,
,,,,endowed,
,,,,endurable,
,,,,endured,
,,,,enduring,
,,,,energetic,
,,,,energized,
,,,,enervated,
,,,,enfeebled,
,,,,enfeebling,
,,,,engaged,
,,,,engrossed,
,,,,engulfed,
,,,,enhanced,
,,,,enigmatic,
,,,,enjoyment </font></td>,
,,,,"<td valign=""top""><font size=""1"" face=""Verdana"">enlightened",
,,,,<br>,
,,,,enlivened,
,,,,enmeshed,
,,,,ennobled,
,,,,ennui,
,,,,enormous,
,,,,enraged,
,,,,enraptured,
,,,,enriched,
,,,,enslaved,
,,,,entangled,
,,,,enterprising,
,,,,entertained,
,,,,entertaining,
,,,,enthralled,
,,,,enthusiastic,
,,,,enticed,
,,,,enticing,
,,,,entitled,
,,,,entombed,
,,,,entranced </font></td>,
,,,,"<td valign=""top""><font size=""1"" face=""Verdana"">entrapped",
,,,,entrenched,
,,,,entrepreneurial,
,,,,entrusted,
,,,,enveloped,
,,,,envied,
,,,,envious,
,,,,envy,
,,,,equal,
,,,,equality,
,,,,equanimous,
,,,,equable,
,,,,equipped,
,,,,equitable,
,,,,eradicated,
,,,,erratic,
,,,,erasable,
,,,,erased,
,,,,eros,
,,,,escalated,
,,,,essential </font></td>,
,,,,"<td valign=""top""><font size=""1"" face=""Verdana"">established",
,,,,<br>,
,,,,esteemed,
,,,,estranged,
,,,,ethereal,
,,,,etiolated,
,,,,euphoric,
,,,,evaded,
,,,,evaluated,
,,,,evanescent,
,,,,evasive,
,,,,evicted,
,,,,evil,
,,,,eviscerated,
,,,,exacerbated,
,,,,exacerbating,
,,,,examined,
,,,,exasperated,
,,,,exasperating,
,,,,exasperation,
,,,,excellent,
,,,,excessive </font></td>,
,,,,"<td valign=""top""><font size=""1"" face=""Verdana"">excitable",
,,,,excited,
,,,,excluded,
,,,,exclusive,
,,,,excommunicated,
,,,,excoriated,
,,,,exculpated,
,,,,execrated,
,,,,excused,
,,,,exempt,
,,,,exempted,
,,,,exhausted,
,,,,exhilarated,
,,,,exiled,
,,,,exigent,
,,,,exonerated,
,,,,exorcised,
,,,,exotic,
,,,,expansive,
,,,,expatriated,
,,,,expendable </font></td>,
,,,,"<td valign=""top""><font size=""1"" face=""Verdana"">expensive",
,,,,expectant,
,,,,experienced,
,,,,experimental,
,,,,exploitative,
,,,,exploited,
,,,,exported,
,,,,explosive,
,,,,exposed,
,,,,expressive,
,,,,expunged,
,,,,extraordinary,
,,,,extravagant,
,,,,extreme,
,,,,extricated,
,,,,extroverted,
,,,,exuberant,
,,,,exultant,
,,,,<br>,
,,,,<br>,
,,,,F </font></td>,
,,,,"<td valign=""top""><font size=""1"" face=""Verdana"">========",
,,,,<br>,
,,,,fabricated,
,,,,fabulous,
,,,,facetious,
,,,,factious,
,,,,faded,
,,,,failful *,
,,,,faint,
,,,,fainthearted,
,,,,fair,
,,,,faith,
,,,,faithful,
,,,,fake,
,,,,fallacious,
,,,,fallen,
,,,,fallible,
,,,,fallow,
,,,,FALSE,
,,,,falsely,
,,,,falsely accused </font></td>,
,,,,"<td valign=""top""><font size=""1"" face=""Verdana"">faltering",
,,,,famished,
,,,,famous,
,,,,fanatical,
,,,,fanciful,
,,,,fancy,
,,,,fantabulous,
,,,,fantasizing,
,,,,fantastic,
,,,,farcical,
,,,,fascinated,
,,,,fascinating,
,,,,fascination,
,,,,fashionable,
,,,,fast,
,,,,fastidious,
,,,,fat,
,,,,fatalistic,
,,,,fathered,
,,,,fatherless,
,,,,fatigued </font></td>,
,,,,"<td valign=""top""><font size=""1"" face=""Verdana"">fatuous",
,,,,faulty,
,,,,favored,
,,,,fawned,
,,,,fawned over,
,,,,fawning,
,,,,fazed,
,,,,fear,
,,,,feared,
,,,,fearful,
,,,,fearless,
,,,,feckless,
,,,,fed up,
,,,,feeble,
,,,,feeling,
,,,,feigned,
,,,,feigning,
,,,,feisty,
,,,,felicitous,
,,,,feminine,
,,,,fermenting </font></td>,
,,,,    </tr>,
,,,,</table>,
,,,,,
,,,,<p>&nbsp;</p>,
,,,,,
,,,,"<table border=""1"" cellpadding=""3"" cellspacing=""3"">",
,,,,    <tr>,
,,,,"<td valign=""top""><font size=""1"" face=""Verdana"">ferocious",
,,,,fertile,
,,,,fervent,
,,,,fervor,
,,,,festive,
,,,,fettered,
,,,,fickle,
,,,,fidgety,
,,,,fiendish,
,,,,fierce,
,,,,fiery,
,,,,filthy,
,,,,fine,
,,,,finicky,
,,,,finished,
,,,,fired,
,,,,firm,
,,,,first,
,,,,first-class,
,,,,first-rate,
,,,,fit </font></td>,
,,,,"<td valign=""top""><font size=""1"" face=""Verdana"">fixated",
,,,,flabbergasted,
,,,,flagellated,
,,,,flagrant,
,,,,flailed,
,,,,flaky,
,,,,flamboyant,
,,,,flammable,
,,,,flappable,
,,,,flashy,
,,,,flat,
,,,,flattered,
,,,,flawed,
,,,,flawless,
,,,,fledgling,
,,,,fleeced,
,,,,flexible,
,,,,flighty,
,,,,flimflammed,
,,,,flimsy,
,,,,flip </font></td>,
,,,,"<td valign=""top""><font size=""1"" face=""Verdana"">flippant",
,,,,flipped-out,
,,,,flirtatious,
,,,,flirted with,
,,,,flogged,
,,,,floored,
,,,,flowery,
,,,,fluffy,
,,,,fluid,
,,,,flummoxed,
,,,,floundering,
,,,,flourishing,
,,,,flush,
,,,,flustered,
,,,,fluttering,
,,,,flustrated,
,,,,focused,
,,,,fogged in,
,,,,foggy,
,,,,foiled,
,,,,followed </font></td>,
,,,,"<td valign=""top""><font size=""1"" face=""Verdana"">fond",
,,,,foolhardy,
,,,,foolish,
,,,,forbearance,
,,,,forbearing,
,,,,forbidden,
,,,,forced,
,,,,forced away,
,,,,forced in,
,,,,forced out,
,,,,forceful,
,,,,foreign,
,,,,fore-sighted,
,,,,forgetful,
,,,,forgettable,
,,,,foggy,
,,,,forgivable,
,,,,forgiven,
,,,,forgiving,
,,,,forgotten,
,,,,forlorn </font></td>,
,,,,"<td valign=""top""><font size=""1"" face=""Verdana"">formal",
,,,,formed,
,,,,formidable,
,,,,forsaken,
,,,,fortified,
,,,,fortunate,
,,,,forward,
,,,,foul,
,,,,fouled,
,,,,fouled-up,
,,,,fractured,
,,,,fragile,
,,,,fragmented,
,,,,frail,
,,,,framed,
,,,,frank,
,,,,frantic,
,,,,fraternal,
,,,,fraternal loyalty,
,,,,fraudulent,
,,,,fraught </font></td>,
,,,,"<td valign=""top""><font size=""1"" face=""Verdana"">frazzled",
,,,,freaked,
,,,,freaked out,
,,,,freakish,
,,,,freaky,
,,,,free,
,,,,free and easy,
,,,,frenetic,
,,,,frenzied,
,,,,fresh,
,,,,fret-filled,
,,,,fretful,
,,,,fretting,
,,,,fried, fried out
,,,,friendless,
,,,,friendly,
,,,,frightened,
,,,,frigid,
,,,,frisky,
,,,,frivolous,
,,,,frolicsome </font></td>,
,,,,"<td valign=""top""><font size=""1"" face=""Verdana"">froward",
,,,,frowned upon,
,,,,frowning,
,,,,frugal,
,,,,fruitful,
,,,,frustrated,
,,,,frustration,
,,,,fulfilled,
,,,,full,
,,,,full of...,
,,,,full of energy,
,,,,full of life,
,,,,full on,
,,,,fuming,
,,,,funereal,
,,,,fun,
,,,,functional,
,,,,funky,
,,,,funloving,
,,,,funny,
,,,,furious </font></td>,
,,,,"<td valign=""top""><font size=""1"" face=""Verdana"">furtive",
,,,,fury,
,,,,fussy,
,,,,futile,
,,,,future minded,
,,,,future oriented,
,,,,futuristic,
,,,,<br>,
,,,,<br>,
,,,,<br>,
,,,,G,
,,,,=======,
,,,,<br>,
,,,,gabby,
,,,,gagged,
,,,,gainful,
,,,,gallant,
,,,,galled,
,,,,galvanized,
,,,,game,
,,,,gamey </font></td>,
,,,,"<td valign=""top""><font size=""1"" face=""Verdana"">gamy",
,,,,ganged up on,
,,,,gaped at,
,,,,gaping,
,,,,garbled,
,,,,garrulous,
,,,,gauche,
,,,,gaudy,
,,,,gawky,
,,,,gay,
,,,,geeky,
,,,,generous,
,,,,genial,
,,,,gentle,
,,,,genuine,
,,,,ghastly,
,,,,giant,
,,,,gigantic,
,,,,giddy,
,,,,gifted,
,,,,giggly </font></td>,
,,,,"<td valign=""top""><font size=""1"" face=""Verdana"">gilded",
,,,,giving,
,,,,glad,
,,,,glamorized,
,,,,glamorous,
,,,,gleaming,
,,,,glee,
,,,,gleeful,
,,,,glib,
,,,,gloomy,
,,,,glorious,
,,,,glowing,
,,,,glossy,
,,,,glum,
,,,,gluttonous,
,,,,goose bumpy,
,,,,gnawing,
,,,,goaded,
,,,,gobsmacked,
,,,,gobstruck,
,,,,goobered </font></td>,
,,,,    </tr>,
,,,,</table>,
,,,,,
,,,,<p>&nbsp;</p>,
,,,,,
,,,,"<table border=""1"" cellpadding=""3"" cellspacing=""3"">",
,,,,    <tr>,
,,,,"<td valign=""top""><font size=""1"" face=""Verdana"">good",
,,,,good-looking,
,,,,good-natured,
,,,,goofy,
,,,,gorgeous,
,,,,gory,
,,,,gothic,
,,,,graceful,
,,,,gracious,
,,,,graded,
,,,,grand,
,,,,grandiose,
,,,,granted,
,,,,grateful,
,,,,gratified,
,,,,grave,
,,,,great,
,,,,greed,
,,,,greedy,
,,,,green,
,,,,gregarious </font></td>,
,,,,"<td valign=""top""><font size=""1"" face=""Verdana"">grey",
,,,,grief,
,,,,grief-stricken,
,,,,grieved,
,,,,grieving,
,,,,grim,
,,,,groovy,
,,,,gross,
,,,,grossed-out,
,,,,grotesque,
,,,,grouchy,
,,,,grounded,
,,,,groveling,
,,,,grown,
,,,,grown up,
,,,,gruesome,
,,,,grumpy,
,,,,guarded,
,,,,gubered (goobered),
,,,,guided,
,,,,guilt </font></td>,
,,,,"<td valign=""top""><font size=""1"" face=""Verdana"">guilt-free",
,,,,<br>,
,,,,guilt-tripped,
,,,,guiltless,
,,,,guilty,
,,,,gullible,
,,,,gushy,
,,,,gutless,
,,,,gutsy,
,,,,gutted,
,,,,guttural,
,,,,gypped,
,,,,<br>,
,,,,<br>,
,,,,H,
,,,,=======,
,,,,<br>,
,,,,<br>,
,,,,habitual,
,,,,hacked off,
,,,,haggard,
,,,,haggled </font></td>,
,,,,"<td valign=""top""><font size=""1"" face=""Verdana"">hallowed",
,,,,half assed,
,,,,half crazy,
,,,,half hearted,
,,,,half mad,
,,,,half witted,
,,,,halted,
,,,,halting,
,,,,hammered,
,,,,hampered,
,,,,handicapped,
,,,,handsome,
,,,,handsomely,
,,,,hapless,
,,,,happy,
,,,,happy-go-lucky,
,,,,harangued,
,,,,harassed,
,,,,hard,
,,,,hardened,
,,,,hard-headed </font></td>,
,,,,"<td valign=""top""><font size=""1"" face=""Verdana"">hard-hearted",
,,,,<br>,
,,,,hard-pressed,
,,,,hard-working,
,,,,hardy,
,,,,harmed,
,,,,harmless,
,,,,harmonious,
,,,,harnessed,
,,,,harried,
,,,,hassled,
,,,,hasty,
,,,,hate,
,,,,hated,
,,,,hateful,
,,,,hatred,
,,,,haughty,
,,,,haunted,
,,,,hazy,
,,,,headstrong,
,,,,heady,
,,,,healed </font></td>,
,,,,"<td valign=""top""><font size=""1"" face=""Verdana"">health-conscious",
,,,,<br>,
,,,,healthy,
,,,,heard,
,,,,heartbreaking,
,,,,heartbroken,
,,,,heartened,
,,,,heartful,
,,,,heartless,
,,,,heartrending,
,,,,heartsick,
,,,,heart-to-heart,
,,,,hearty,
,,,,heavy,
,,,,heavy-hearted,
,,,,heckled,
,,,,heeded,
,,,,held dear,
,,,,helped,
,,,,helpful,
,,,,helpless,
,,,,henpecked </font></td>,
,,,,"<td valign=""top""><font size=""1"" face=""Verdana"">hep",
,,,,herded,
,,,,heroic,
,,,,hexed,
,,,,hesitant,
,,,,hideous,
,,,,high,
,,,,highfalutin,
,,,,highfaluting,
,,,,high-spirited,
,,,,hilarious,
,,,,hindered,
,,,,hip,
,,,,historical,
,,,,hoaxed,
,,,,holistic,
,,,,hollow,
,,,,homely,
,,,,homesick,
,,,,honest,
,,,,honorable </font></td>,
,,,,"<td valign=""top""><font size=""1"" face=""Verdana"">honored",
,,,,hoodwinked,
,,,,hope,
,,,,hopeful,
,,,,hopeless,
,,,,hormonal,
,,,,horny,
,,,,horrendous,
,,,,horrible,
,,,,horrific,
,,,,horrified,
,,,,horror,
,,,,horror-stricken,
,,,,hospitable,
,,,,hostile,
,,,,hot,
,,,,hot to trot,
,,,,hot-headed,
,,,,hot-tempered,
,,,,hounded,
,,,,huge </font></td>,
,,,,"<td valign=""top""><font size=""1"" face=""Verdana"">humane",
,,,,humble,
,,,,humbled,
,,,,humdrum,
,,,,humiliated,
,,,,humiliation,
,,,,humility,
,,,,humored,
,,,,humorous,
,,,,hung up,
,,,,hung over,
,,,,hungry,
,,,,hunky dory,
,,,,hunted,
,,,,hurried,
,,,,hurt,
,,,,hustled,
,,,,hyped-up,
,,,,hyper,
,,,,hyperactive,
,,,,hypervigilant </font></td>,
,,,,"<td valign=""top""><font size=""1"" face=""Verdana"">hyphe",
,,,,hyphee, hyphy
,,,,hypnotic,
,,,,hypnotized,
,,,,hypocritical,
,,,,hypomanic,
,,,,hysterical,
,,,,<br>,
,,,,<br>,
,,,,I,
,,,,=======,
,,,,<br>,
,,,,icky,
,,,,idealistic,
,,,,idiosyncratic,
,,,,idiotic,
,,,,idle,
,,,,idolized,
,,,,ignoble,
,,,,ignominious,
,,,,ignorant,
,,,,ignored </font></td>,
,,,,    </tr>,
,,,,</table>,
,,,,,
,,,,<p>&nbsp;</p>,
,,,,,
,,,,"<table border=""1"" cellpadding=""3"" cellspacing=""3"">",
,,,,    <tr>,
,,,,"<td valign=""top""><font size=""1"" face=""Verdana"">ill",
,,,,ill at ease,
,,,,ill-humored,
,,,,ill-tempered,
,,,,illegal,
,,,,illicit,
,,,,illiterate,
,,,,illuminated,
,,,,illustrious,
,,,,imaginary,
,,,,imaginative,
,,,,imbalanced,
,,,,immaculate,
,,,,immature,
,,,,immense,
,,,,imminent,
,,,,immobile,
,,,,immobilized,
,,,,immodest,
,,,,immoral,
,,,,immortal </font></td>,
,,,,"<td valign=""top""><font size=""1"" face=""Verdana"">immune",
,,,,impaired,
,,,,impartial,
,,,,impassioned,
,,,,impassive,
,,,,impatient,
,,,,impeccable,
,,,,impeded,
,,,,impelled,
,,,,imperatived*,
,,,,imperfect,
,,,,imperiled,
,,,,imperious,
,,,,impermanent,
,,,,impermeable,
,,,,impertinent,
,,,,imperturbable,
,,,,impervious,
,,,,impetuous,
,,,,impious,
,,,,impish </font></td>,
,,,,"<td valign=""top""><font size=""1"" face=""Verdana"">implacable",
,,,,<br>,
,,,,impolite,
,,,,important,
,,,,imported,
,,,,importunate,
,,,,imposed-upon,
,,,,imposing,
,,,,impotent,
,,,,impoverished,
,,,,impractical,
,,,,impressed,
,,,,imprisoned,
,,,,impudent,
,,,,impugned,
,,,,impulsive,
,,,,impure,
,,,,in a huff,
,,,,in a quandary,
,,,,in a stew,
,,,,in alignment,
,,,,in control </font></td>,
,,,,"<td valign=""top""><font size=""1"" face=""Verdana"">in despair",
,,,,<br>,
,,,,in doubt,
,,,,in fear,
,,,,in harmony,
,,,,in pain,
,,,,in the dumps,
,,,,in the way,
,,,,in touch,
,,,,in tune,
,,,,inaccessible,
,,,,inactive,
,,,,inadequate,
,,,,inane,
,,,,inappropriate,
,,,,inattentive,
,,,,incapable,
,,,,incapacitated,
,,,,incensed,
,,,,incoherent,
,,,,incommunicative,
,,,,incompatible </font></td>,
,,,,"<td valign=""top""><font size=""1"" face=""Verdana"">incompetent",
,,,,<br>,
,,,,incomplete,
,,,,inconceivable,
,,,,inconclusive,
,,,,incongruent,
,,,,inconsiderate,
,,,,inconsistent,
,,,,inconsolable,
,,,,inconspicuous,
,,,,inconvenienced,
,,,,inconvenient,
,,,,incorrect,
,,,,incorrigible,
,,,,incredible,
,,,,incredulous,
,,,,inculcated,
,,,,indebted,
,,,,indecent,
,,,,indecisive,
,,,,indefinite,
,,,,indemnified </font></td>,
,,,,"<td valign=""top""><font size=""1"" face=""Verdana"">indentured",
,,,,<br>,
,,,,independent,
,,,,indescribable,
,,,,indestructible,
,,,,indicted,
,,,,indifferent,
,,,,indignant,
,,,,identified,
,,,,indirect,
,,,,indiscreet,
,,,,indoctrinated,
,,,,indolent,
,,,,indulgent,
,,,,industrious,
,,,,inebriated,
,,,,ineffective,
,,,,ineffectual,
,,,,inefficient,
,,,,inept,
,,,,inert,
,,,,inequality </font></td>,
,,,,"<td valign=""top""><font size=""1"" face=""Verdana"">inexcusable",
,,,,<br>,
,,,,inexpendable,
,,,,inexperienced,
,,,,inexplicable,
,,,,infallible,
,,,,infamous,
,,,,infantile,
,,,,infantilized,
,,,,infatuated,
,,,,infected,
,,,,inferior,
,,,,infirm,
,,,,inflamed,
,,,,inflammatory,
,,,,inflated,
,,,,inflexible,
,,,,influenced,
,,,,influential,
,,,,informal,
,,,,informed,
,,,,infuriated </font></td>,
,,,,"<td valign=""top""><font size=""1"" face=""Verdana"">infused",
,,,,ingenious,
,,,,ingenuous,
,,,,ingratiated,
,,,,ingratiating,
,,,,inhibited,
,,,,inhospitable,
,,,,inhumane,
,,,,inimical,
,,,,injured,
,,,,injusticed*,
,,,,innate,
,,,,innocent,
,,,,innovative,
,,,,inoculated,
,,,,inquiring,
,,,,inquisitive,
,,,,insane,
,,,,insatiable,
,,,,inscrutable,
,,,,insecure </font></td>,
,,,,"<td valign=""top""><font size=""1"" face=""Verdana"">insensitive",
,,,,<br>,
,,,,inside-out,
,,,,insightful,
,,,,insignificant,
,,,,insincere,
,,,,insipid,
,,,,insistent,
,,,,insolent,
,,,,insouciant,
,,,,inspired,
,,,,instinctive,
,,,,instilled,
,,,,instructive,
,,,,insufficient,
,,,,insulted,
,,,,insulting,
,,,,insurgent,
,,,,intact,
,,,,integritous *,
,,,,intellectual,
,,,,intelligent </font></td>,
,,,,"<td valign=""top""><font size=""1"" face=""Verdana"">intense",
,,,,intent,
,,,,intentional,
,,,,interested,
,,,,interesting,
,,,,interfered with,
,,,,interfering,
,,,,internal,
,,,,interrelated,
,,,,interrogated,
,,,,interrupted,
,,,,intimate,
,,,,intimidated,
,,,,intimidating,
,,,,inoculated,
,,,,intolerant,
,,,,intoxicated,
,,,,intrepid,
,,,,intrigued,
,,,,introspective,
,,,,introverted </font></td>,
,,,,    </tr>,
,,,,</table>,
,,,,,
,,,,<p>&nbsp;</p>,
,,,,,
,,,,"<table border=""1"" cellpadding=""3"" cellspacing=""3"">",
,,,,    <tr>,
,,,,"<td valign=""top""><font size=""1"" face=""Verdana"">intruded",
,,,,upon,
,,,,intrusive,
,,,,inundated,
,,,,intuitive,
,,,,invalidated,
,,,,invalidating,
,,,,inventive,
,,,,invested,
,,,,invested in,
,,,,invigorated,
,,,,invincible,
,,,,invisible,
,,,,invited,
,,,,inviting,
,,,,involved,
,,,,invulnerable,
,,,,irascible,
,,,,irate,
,,,,irked,
,,,,irrational,
,,,,irrelevant </font></td>,
,,,,"<td valign=""top""><font size=""1"" face=""Verdana"">irreligious",
,,,,<br>,
,,,,irreproachable,
,,,,irresistible,
,,,,irresolute,
,,,,irresponsible,
,,,,irreverent,
,,,,irritable,
,,,,irritated,
,,,,isolated,
,,,,itchy,
,,,,<br>,
,,,,<br>,
,,,,J,
,,,,=======,
,,,,<br>,
,,,,jaded,
,,,,jagged,
,,,,jangled,
,,,,jarred,
,,,,jaundiced,
,,,,jaunty </font></td>,
,,,,"<td valign=""top""><font size=""1"" face=""Verdana"">jazzed",
,,,,jazzy,
,,,,jealous,
,,,,jealousy,
,,,,jeered,
,,,,jejune,
,,,,jeopardized,
,,,,jerked around,
,,,,jilted,
,,,,jinxed,
,,,,jittery,
,,,,jobless,
,,,,jocular,
,,,,jolly,
,,,,jolted,
,,,,jostled,
,,,,jovial,
,,,,joyful,
,,,,joyless,
,,,,joyous,
,,,,jubilant </font></td>,
,,,,"<td valign=""top""><font size=""1"" face=""Verdana"">judged",
,,,,judgmental,
,,,,judicious,
,,,,juggled,
,,,,juiced,
,,,,juiced up,
,,,,jumbled,
,,,,jumped,
,,,,jumped on,
,,,,jumpy,
,,,,junk,
,,,,junked,
,,,,junky,
,,,,just,
,,,,justiced*,
,,,,justified,
,,,,juvenile,
,,,,<br>,
,,,,K,
,,,,=======,
,,,,</font></td>,
,,,,"<td valign=""top""><font size=""1"" face=""Verdana"">kaput",
,,,,keen,
,,,,kept,
,,,,kept at bay,
,,,,kept away,
,,,,kept in,
,,,,kept out,
,,,,kicked,
,,,,kicked around,
,,,,kicked back,
,,,,kidded,
,,,,kind,
,,,,kindhearted,
,,,,kindly,
,,,,kingly,
,,,,kinky,
,,,,knackered,
,,,,knightly,
,,,,knocked,
,,,,knocked down,
,,,,knocked out </font></td>,
,,,,"<td valign=""top""><font size=""1"" face=""Verdana"">knotted",
,,,,knotted up,
,,,,knotty,
,,,,knowing,
,,,,knowledgeable,
,,,,known,
,,,,kooky,
,,,,<br>,
,,,,<br>,
,,,,L,
,,,,=======,
,,,,<br>,
,,,,labeled,
,,,,labile,
,,,,labored,
,,,,lascivious,
,,,,lackadaisical,
,,,,lacking,
,,,,lackluster,
,,,,laconic,
,,,,lagging behind </font></td>,
,,,,"<td valign=""top""><font size=""1"" face=""Verdana"">laid-back",
,,,,lambasted,
,,,,lame,
,,,,lamentable,
,,,,lamentful *,
,,,,lamenting,
,,,,lampooned,
,,,,languid,
,,,,languishing,
,,,,lascivious,
,,,,lassoed,
,,,,large,
,,,,late,
,,,,laughable,
,,,,laughed at,
,,,,lavish,
,,,,lavished,
,,,,lax,
,,,,lazy,
,,,,lean,
,,,,learned </font></td>,
,,,,"<td valign=""top""><font size=""1"" face=""Verdana"">led astray",
,,,,<br>,
,,,,leaned on,
,,,,leaning,
,,,,lecherous,
,,,,lectured to,
,,,,leery,
,,,,left out,
,,,,legal,
,,,,legitimate,
,,,,let down,
,,,,lethal,
,,,,lethargic,
,,,,level,
,,,,level-headed,
,,,,lewd,
,,,,liable,
,,,,liberal,
,,,,liberated,
,,,,licentious,
,,,,lied about,
,,,,lied to </font></td>,
,,,,"<td valign=""top""><font size=""1"" face=""Verdana"">lifeless",
,,,,lifelike,
,,,,lifted,
,,,,light,
,,,,light-hearted,
,,,,likable,
,,,,likeable,
,,,,liked,
,,,,limerent,
,,,,limited,
,,,,limp,
,,,,lionhearted,
,,,,listened to,
,,,,listless,
,,,,literate,
,,,,litigious,
,,,,little,
,,,,lively,
,,,,livid,
,,,,loath,
,,,,loathed </font></td>,
,,,,"<td valign=""top""><font size=""1"" face=""Verdana"">loathing",
,,,,loathsome,
,,,,logical,
,,,,lonely,
,,,,lonesome,
,,,,longing,
,,,,loopy,
,,,,loose,
,,,,loosed,
,,,,lopsided,
,,,,lorded over,
,,,,lost,
,,,,loud,
,,,,lousy,
,,,,loutish,
,,,,lovable,
,,,,love,
,,,,loved,
,,,,loveless,
,,,,lovely,
,,,,loving </font></td>,
,,,,    </tr>,
,,,,</table>,
,,,,,
,,,,<p>&nbsp;</p>,
,,,,,
,,,,"<table border=""1"" cellpadding=""3"" cellspacing=""3"">",
,,,,    <tr>,
,,,,"<td valign=""top""><font size=""1"" face=""Verdana"">lovelorn",
,,,,lovestruck,
,,,,low,
,,,,low-spirited,
,,,,lowly,
,,,,lowness,
,,,,loyal,
,,,,lubricious,
,,,,luckless,
,,,,lucky,
,,,,ludicrous,
,,,,lugubrious,
,,,,luminous,
,,,,lured,
,,,,luring,
,,,,lurking,
,,,,lush,
,,,,lust,
,,,,lustful,
,,,,lusty,
,,,,luxuriant </font></td>,
,,,,"<td valign=""top""><font size=""1"" face=""Verdana"">luxurious",
,,,,lying,
,,,,lynched,
,,,,lyrical,
,,,,<br>,
,,,,<br>,
,,,,M,
,,,,======,
,,,,<br>,
,,,,macabre,
,,,,macho,
,,,,mad,
,,,,maddened,
,,,,maddening,
,,,,made fun of,
,,,,madly,
,,,,magical,
,,,,magnificent,
,,,,maimed,
,,,,majestic,
,,,,makeshift </font></td>,
,,,,"<td valign=""top""><font size=""1"" face=""Verdana"">maladjusted",
,,,,<br>,
,,,,malaise,
,,,,maligned,
,,,,malcontent,
,,,,malleable,
,,,,malevolent,
,,,,malice,
,,,,malicious,
,,,,malignant,
,,,,maligned,
,,,,malnourished,
,,,,mammoth,
,,,,man handled,
,,,,manageable,
,,,,managed,
,,,,managerial,
,,,,mangled,
,,,,maniacal,
,,,,manic,
,,,,manipulable,
,,,,manipulated </font></td>,
,,,,"<td valign=""top""><font size=""1"" face=""Verdana"">manipulative",
,,,,<br>,
,,,,manly,
,,,,marauding,
,,,,marginalized,
,,,,marked,
,,,,married,
,,,,marshalled around,
,,,,marvelous,
,,,,masochistic,
,,,,massive,
,,,,masterful,
,,,,materialistic,
,,,,maternal,
,,,,mature,
,,,,maudlin,
,,,,meager,
,,,,mean,
,,,,meanness,
,,,,measly,
,,,,mechanical,
,,,,medicated </font></td>,
,,,,"<td valign=""top""><font size=""1"" face=""Verdana"">mediocre",
,,,,meditative,
,,,,medmanic,
,,,,meek,
,,,,megalomaniacal,
,,,,melancholic,
,,,,melancholy,
,,,,melded,
,,,,mellow,
,,,,melodic,
,,,,melodramatic,
,,,,menaced,
,,,,menacing,
,,,,mended,
,,,,merciful,
,,,,mere,
,,,,merry,
,,,,mesmerized,
,,,,messed about,
,,,,messed around,
,,,,messed with </font></td>,
,,,,"<td valign=""top""><font size=""1"" face=""Verdana"">messed up",
,,,,messy,
,,,,methodical,
,,,,meticulous,
,,,,micro-managed,
,,,,miffed,
,,,,mighty,
,,,,militant,
,,,,mind-bent,
,,,,mind-blown,
,,,,mind-*ucked,
,,,,mind-gamed,
,,,,mind-shattered,
,,,,mind-warped,
,,,,mindful,
,,,,mindless,
,,,,miniature,
,,,,minimized,
,,,,miniscule,
,,,,minor,
,,,,miraculous </font></td>,
,,,,"<td valign=""top""><font size=""1"" face=""Verdana"">mirthful",
,,,,misaligned,
,,,,misanthropic,
,,,,mischievous,
,,,,miscreant,
,,,,misdiagnosed,
,,,,miserable,
,,,,miserly,
,,,,misgiving,
,,,,misguided,
,,,,misidentified,
,,,,misinformed,
,,,,misinterpreted,
,,,,misled,
,,,,misrepresented,
,,,,missed,
,,,,missed out,
,,,,missing,
,,,,missing out,
,,,,mistaken,
,,,,mistreated </font></td>,
,,,,"<td valign=""top""><font size=""1"" face=""Verdana"">mistrusted",
,,,,<br>,
,,,,mistrustful,
,,,,misunderstood,
,,,,misused,
,,,,mixed-up,
,,,,moaning,
,,,,moany,
,,,,mobbed,
,,,,mobile,
,,,,mobilized,
,,,,mocked,
,,,,mocking,
,,,,modern,
,,,,modest,
,,,,molded,
,,,,moldy,
,,,,molested,
,,,,mollified,
,,,,mollycoddled,
,,,,momentous,
,,,,monitored </font></td>,
,,,,"<td valign=""top""><font size=""1"" face=""Verdana"">monopolistic",
,,,,<br>,
,,,,monopolized,
,,,,monstrous,
,,,,moody,
,,,,mopey,
,,,,moping,
,,,,moral,
,,,,moralistic,
,,,,morbid,
,,,,mordant,
,,,,moribund,
,,,,moronic,
,,,,morose,
,,,,mortified,
,,,,mothered,
,,,,mothering,
,,,,motherless,
,,,,motherly,
,,,,motivated,
,,,,mournful,
,,,,mouthy </font></td>,
,,,,"<td valign=""top""><font size=""1"" face=""Verdana"">moved",
,,,,mucked up,
,,,,muddied,
,,,,muddled,
,,,,muffled,
,,,,multi-directional,
,,,,mummified,
,,,,mumpish,
,,,,mundane,
,,,,murderous,
,,,,murky,
,,,,mushy,
,,,,musical,
,,,,mutinied,
,,,,mutinous,
,,,,muzzled,
,,,,mysterious,
,,,,mystical,
,,,,mystified,
,,,,<br>,
,,,,</font></td>,
,,,,    </tr>,
,,,,</table>,
,,,,,
,,,,<p>&nbsp;</p>,
,,,,,
,,,,"<table border=""1"" cellpadding=""3"" cellspacing=""3"">",
,,,,    <tr>,
,,,,"<td valign=""top""><font size=""1"" face=""Verdana"">N",
,,,,======,
,,,,<br>,
,,,,nagged,
,,,,nailed,
,,,,naive,
,,,,naked,
,,,,namby pamby,
,,,,nameless,
,,,,nannied,
,,,,nappy,
,,,,narcissistic,
,,,,narrow,
,,,,narrow-minded,
,,,,nasty,
,,,,native,
,,,,natural,
,,,,naughty,
,,,,nauseated,
,,,,nauseating,
,,,,neat </font></td>,
,,,,"<td valign=""top""><font size=""1"" face=""Verdana"">nebulous",
,,,,necessary,
,,,,need,
,,,,needed,
,,,,needled,
,,,,needless,
,,,,needy,
,,,,negated,
,,,,negative,
,,,,neglected,
,,,,negligent,
,,,,neighborly,
,,,,nerdy,
,,,,nervous,
,,,,nervy,
,,,,nestled,
,,,,nettled,
,,,,neurotic,
,,,,neutral,
,,,,new,
,,,,nice </font></td>,
,,,,"<td valign=""top""><font size=""1"" face=""Verdana"">nifty",
,,,,niggardly,
,,,,niggled,
,,,,nihilistic,
,,,,nippy,
,,,,nit-picked,
,,,,nit-picking,
,,,,nit-picky,
,,,,noble,
,,,,noiseless,
,,,,noisy,
,,,,nomadic,
,,,,nonchalant,
,,,,noncommittal,
,,,,nonconforming,
,,,,nonconformst,
,,,,nondescript,
,,,,nonexistent,
,,,,nonplused,
,,,,nonresistant,
,,,,normal </font></td>,
,,,,"<td valign=""top""><font size=""1"" face=""Verdana"">nosey",
,,,,nosy,
,,,,nostalgic,
,,,,nothing,
,,,,noticed,
,,,,nourished,
,,,,nourishing,
,,,,novel,
,,,,noxious,
,,,,nudged,
,,,,null,
,,,,nullified,
,,,,numb,
,,,,numbed,
,,,,nursed,
,,,,nurtured,
,,,,nurturing,
,,,,nuts,
,,,,nutty,
,,,,<br>,
,,,,</font></td>,
,,,,"<td valign=""top""><font size=""1"" face=""Verdana"">O",
,,,,=======,
,,,,<br>,
,,,,obedient,
,,,,obeyed,
,,,,objectified,
,,,,obligated,
,,,,obliged,
,,,,obliging,
,,,,obliterated,
,,,,oblivious,
,,,,obnoxious,
,,,,obscene,
,,,,obscured,
,,,,obsequious,
,,,,observant,
,,,,observed,
,,,,obsessed,
,,,,obsessive,
,,,,obsolete,
,,,,obstinate </font></td>,
,,,,"<td valign=""top""><font size=""1"" face=""Verdana"">obstructed",
,,,,<br>,
,,,,obvious,
,,,,odd,
,,,,off,
,,,,off the hook,
,,,,off-balance,
,,,,off-center,
,,,,offended,
,,,,offensive,
,,,,officious,
,,,,ogre-ish,
,,,,okay,
,,,,old,
,,,,old-fashioned,
,,,,omnipotent,
,,,,on,
,,,,on call,
,,,,on display,
,,,,on time,
,,,,one-upped,
,,,,open </font></td>,
,,,,"<td valign=""top""><font size=""1"" face=""Verdana"">open-minded",
,,,,<br>,
,,,,opinionated,
,,,,opportunistic,
,,,,opposed,
,,,,opposition,
,,,,oppositional,
,,,,oppressed,
,,,,optimistic,
,,,,opulent,
,,,,ordered around,
,,,,orderly,
,,,,organized,
,,,,orgasmic,
,,,,ornery,
,,,,orphaned,
,,,,ostentatious,
,,,,ostracized,
,,,,ousted,
,,,,out of balance,
,,,,out of control,
,,,,out of it </font></td>,
,,,,"<td valign=""top""><font size=""1"" face=""Verdana"">out of",
,,,,place,
,,,,out of sorts,
,,,,out of style,
,,,,out of touch,
,,,,out of tune,
,,,,outdated,
,,,,outdone,
,,,,outgoing,
,,,,outlandish,
,,,,outnumbered,
,,,,outpowered,
,,,,outraged,
,,,,outrageous,
,,,,outranked,
,,,,outreasoned,
,,,,outspoken,
,,,,over,
,,,,over-controlled,
,,,,over-depended upon,
,,,,over-done,
,,,,over-educated </font></td>,
,,,,"<td valign=""top""><font size=""1"" face=""Verdana"">over-pathologized",
,,,,<br>,
,,,,over-prepared,
,,,,over-protected,
,,,,over-ruled,
,,,,over-simplified,
,,,,overanxious,
,,,,overbearing,
,,,,overcome,
,,,,overdrawn,
,,,,overestimated,
,,,,overjoyed,
,,,,overloaded,
,,,,overlooked,
,,,,overpowered,
,,,,oversensitive,
,,,,overwhelmed,
,,,,overworked,
,,,,overwrought,
,,,,overszealous,
,,,,owed,
,,,,owing </font></td>,
,,,,"<td valign=""top""><font size=""1"" face=""Verdana"">owned",
,,,,ownership,
,,,,owning,
,,,,<br>,
,,,,<br>,
,,,,P,
,,,,======,
,,,,<br>,
,,,,pacified,
,,,,paid off,
,,,,pain,
,,,,pained,
,,,,painful,
,,,,paired,
,,,,paired-off,
,,,,paired-up,
,,,,pampered,
,,,,panic,
,,,,panicked,
,,,,panicky,
,,,,paralyzed </font></td>,
,,,,    </tr>,
,,,,</table>,
,,,,,
,,,,<p>&nbsp;</p>,
,,,,,
,,,,"<table border=""1"" cellpadding=""3"" cellspacing=""3"">",
,,,,    <tr>,
,,,,"<td valign=""top""><font size=""1"" face=""Verdana"">paranoid",
,,,,parasitic,
,,,,pardoned,
,,,,parsimonious,
,,,,partial,
,,,,passed by,
,,,,passed off,
,,,,passed over,
,,,,passed up,
,,,,passionate,
,,,,passive,
,,,,pastoral,
,,,,paternal,
,,,,pathetic,
,,,,pathologized,
,,,,patient,
,,,,patronized,
,,,,peaceful,
,,,,peachy,
,,,,peaked,
,,,,peckish </font></td>,
,,,,"<td valign=""top""><font size=""1"" face=""Verdana"">peculiar",
,,,,pedantic,
,,,,pedestalized *,
,,,,pedestrian,
,,,,peeved,
,,,,peevish,
,,,,pell-mell,
,,,,penetrable,
,,,,penetrated,
,,,,pensive,
,,,,peonized,
,,,,peppy,
,,,,perceived,
,,,,perceptive,
,,,,peremptory,
,,,,perfect,
,,,,perfectionistic,
,,,,perfused,
,,,,perilous,
,,,,peripheral,
,,,,perky </font></td>,
,,,,"<td valign=""top""><font size=""1"" face=""Verdana"">permanent",
,,,,permeable,
,,,,perplexed,
,,,,persecuted,
,,,,persevering,
,,,,persistent,
,,,,persnickety,
,,,,perspicacious,
,,,,perspicuous,
,,,,persuaded,
,,,,persuasive,
,,,,pert,
,,,,pertinacious,
,,,,pertinent,
,,,,perturbed,
,,,,perused,
,,,,perverted,
,,,,pervious,
,,,,pesky,
,,,,pessimistic,
,,,,pestered </font></td>,
,,,,"<td valign=""top""><font size=""1"" face=""Verdana"">pesty",
,,,,petered out,
,,,,petrified,
,,,,petrinoid,
,,,,petty,
,,,,petulant,
,,,,phat,
,,,,philanthropic,
,,,,phlegmatic,
,,,,phony,
,,,,picked apart,
,,,,picked on,
,,,,pierced,
,,,,pigeon-holed,
,,,,pillaged,
,,,,pillaging,
,,,,pious,
,,,,piqued,
,,,,pissed,
,,,,pissed off,
,,,,pissed on </font></td>,
,,,,"<td valign=""top""><font size=""1"" face=""Verdana"">pissy",
,,,,piteous,
,,,,pitied,
,,,,pitiful,
,,,,pitiless,
,,,,pity,
,,,,pixelated,
,,,,placated,
,,,,placid,
,,,,plagued,
,,,,plain,
,,,,planless,
,,,,played with,
,,,,playful,
,,,,pleading,
,,,,pleasant,
,,,,pleased,
,,,,pleasure,
,,,,pliable,
,,,,pliant,
,,,,plumbed </font></td>,
,,,,"<td valign=""top""><font size=""1"" face=""Verdana"">plundered",
,,,,plundering,
,,,,plunging,
,,,,plush,
,,,,poised,
,,,,poisoned,
,,,,polite,
,,,,polluted,
,,,,pompous,
,,,,pooped,
,,,,poor,
,,,,poorly,
,,,,popular,
,,,,porous,
,,,,portentous,
,,,,positive,
,,,,possessed,
,,,,possessionless,
,,,,possessive,
,,,,postal,
,,,,potent </font></td>,
,,,,"<td valign=""top""><font size=""1"" face=""Verdana"">pouty",
,,,,powerful,
,,,,powerless,
,,,,practical,
,,,,praised,
,,,,pragmatic,
,,,,pre-judged,
,,,,preached to,
,,,,precarious,
,,,,precious,
,,,,precluded,
,,,,precocious,
,,,,preoccupied,
,,,,predjudiced,
,,,,prepared,
,,,,preposterous,
,,,,preppy,
,,,,prescient,
,,,,pressed,
,,,,pressured,
,,,,prestigious </font></td>,
,,,,"<td valign=""top""><font size=""1"" face=""Verdana"">presumptuous",
,,,,<br>,
,,,,pretentious,
,,,,pretty,
,,,,preyed upon,
,,,,pride,
,,,,prim,
,,,,primal,
,,,,primary,
,,,,primitive,
,,,,prissy,
,,,,pristine,
,,,,private,
,,,,privileged,
,,,,privy,
,,,,prized,
,,,,proactive,
,,,,probationary,
,,,,probationed,
,,,,probed,
,,,,prodigal,
,,,,prodigious </font></td>,
,,,,"<td valign=""top""><font size=""1"" face=""Verdana"">productive",
,,,,<br>,
,,,,profane,
,,,,professional,
,,,,progressing,
,,,,progressive,
,,,,progress-minded,
,,,,promiscuous,
,,,,promised,
,,,,promoted,
,,,,promotional,
,,,,prone to,
,,,,propagandistic,
,,,,propagandized,
,,,,propelled,
,,,,proper,
,,,,prophesized to,
,,,,prophetic,
,,,,prosaic,
,,,,prosecuted,
,,,,prosperous,
,,,,prostituted </font></td>,
,,,,"<td valign=""top""><font size=""1"" face=""Verdana"">protected",
,,,,protective,
,,,,proud,
,,,,provincial,
,,,,provisional,
,,,,provocative,
,,,,provoked,
,,,,prudish,
,,,,psyched,
,,,,psychopathic,
,,,,psychotic,
,,,,puerile,
,,,,pugnacious,
,,,,puffed up,
,,,,pulled,
,,,,pulled ahead,
,,,,pulled apart,
,,,,pulled away,
,,,,pulled back,
,,,,pulled down,
,,,,pulled forward </font></td>,
,,,,    </tr>,
,,,,</table>,
,,,,,
,,,,<p>&nbsp;</p>,
,,,,,
,,,,"<table border=""1"" cellpadding=""3"" cellspacing=""3"">",
,,,,    <tr>,
,,,,"<td valign=""top""><font size=""1"" face=""Verdana"">pulled in",
,,,,pulverized,
,,,,pummeled,
,,,,pumped,
,,,,pumped up,
,,,,punctual,
,,,,punch drunk,
,,,,punched,
,,,,punished,
,,,,puny,
,,,,pure,
,,,,purged,
,,,,purlish,
,,,,purposeful,
,,,,pursuant,
,,,,pursued,
,,,,pushed,
,,,,pushed ahead,
,,,,pushed away,
,,,,pushed back,
,,,,pushed forward </font></td>,
,,,,"<td valign=""top""><font size=""1"" face=""Verdana"">pushed in",
,,,,pushy,
,,,,pusillanimous,
,,,,put away,
,,,,put down,
,,,,put out,
,,,,put upon,
,,,,put down,
,,,,puzzled,
,,,,psychedelic,
,,,,<br>,
,,,,<br>,
,,,,Q,
,,,,======,
,,,,<br>,
,,,,quaint,
,,,,quaking,
,,,,qualified,
,,,,qualmish,
,,,,quandary,
,,,,quarantined </font></td>,
,,,,"<td valign=""top""><font size=""1"" face=""Verdana"">quarrelsome",
,,,,<br>,
,,,,quashed,
,,,,queasy,
,,,,queer,
,,,,queried,
,,,,querulous,
,,,,questioned,
,,,,questioning,
,,,,quick,
,,,,quiescent,
,,,,quiet,
,,,,quietened,
,,,,quirky,
,,,,quivery,
,,,,quixotic,
,,,,quizzed,
,,,,quizzical,
,,,,<br>,
,,,,<br>,
,,,,R,
,,,,====== </font></td>,
,,,,"<td valign=""top""><font size=""1"" face=""Verdana""><br>",
,,,,rad,
,,,,radiant,
,,,,radical,
,,,,rage,
,,,,rageful,
,,,,raging,
,,,,raided,
,,,,railroaded,
,,,,raked,
,,,,raked-over,
,,,,rambunctious,
,,,,rancid,
,,,,randy,
,,,,ransacked,
,,,,rapacious,
,,,,raped,
,,,,rapt,
,,,,rapture,
,,,,rapturous,
,,,,rare </font></td>,
,,,,"<td valign=""top""><font size=""1"" face=""Verdana"">rash",
,,,,rated,
,,,,rational,
,,,,rattled,
,,,,raunchy,
,,,,ravenous,
,,,,ravished,
,,,,ravishing,
,,,,raw,
,,,,re-energized,
,,,,re-enforced,
,,,,reachable,
,,,,reactionary,
,,,,reactive,
,,,,ready,
,,,,real,
,,,,realistic,
,,,,reamed,
,,,,reamed out,
,,,,reasonable,
,,,,reassured </font></td>,
,,,,"<td valign=""top""><font size=""1"" face=""Verdana"">rebellious",
,,,,<br>,
,,,,reborn,
,,,,rebounding,
,,,,rebuffed,
,,,,rebuked,
,,,,recalcitrant,
,,,,receptive,
,,,,recharged,
,,,,reckless,
,,,,reclusive,
,,,,recognized,
,,,,recommended,
,,,,reconciled,
,,,,recouperated,
,,,,recovered,
,,,,recruited,
,,,,redeemed,
,,,,red-hot,
,,,,reduced,
,,,,refactory,
,,,,refined </font></td>,
,,,,"<td valign=""top""><font size=""1"" face=""Verdana"">reflective",
,,,,<br>,
,,,,refreshed,
,,,,refueled,
,,,,regal,
,,,,regimented,
,,,,regressing,
,,,,regressive,
,,,,regret,
,,,,regretful,
,,,,rejectable,
,,,,rejected,
,,,,rejecting,
,,,,rejoiced,
,,,,rejoicing,
,,,,rejuvenated,
,,,,relaxed,
,,,,released,
,,,,relentless,
,,,,reliable,
,,,,reliant,
,,,,relieved </font></td>,
,,,,"<td valign=""top""><font size=""1"" face=""Verdana"">religious",
,,,,reluctant,
,,,,remedied,
,,,,reminiscent,
,,,,remiss,
,,,,remorse,
,,,,remorseful,
,,,,remorseless,
,,,,remote,
,,,,removed,
,,,,renewed,
,,,,renown,
,,,,renowned,
,,,,repatriated,
,,,,repelled,
,,,,repentant,
,,,,replaceable,
,,,,replaced,
,,,,replenished,
,,,,reprehensible,
,,,,repressed </font></td>,
,,,,"<td valign=""top""><font size=""1"" face=""Verdana"">reprimanded",
,,,,<br>,
,,,,reproached,
,,,,reproved,
,,,,repugnant,
,,,,repulsed,
,,,,repulsive,
,,,,rescued,
,,,,resented,
,,,,resentful,
,,,,resentment,
,,,,reserved,
,,,,resigned,
,,,,resilient,
,,,,resistant,
,,,,resisting,
,,,,resolute,
,,,,resolved,
,,,,resourceful,
,,,,respected,
,,,,respectful,
,,,,responsible </font></td>,
,,,,"<td valign=""top""><font size=""1"" face=""Verdana"">responsive",
,,,,<br>,
,,,,rested,
,,,,restful,
,,,,restive,
,,,,restless,
,,,,restrained,
,,,,restricted,
,,,,retaliated,
,,,,retaliated against,
,,,,retaliatory,
,,,,retarded,
,,,,reticent,
,,,,retired,
,,,,reunited,
,,,,revealed,
,,,,revengeful,
,,,,revered,
,,,,reverent,
,,,,reviled,
,,,,revitalized,
,,,,revisited </font></td>,
,,,,    </tr>,
,,,,</table>,
,,,,,
,,,,<p>&nbsp;</p>,
,,,,,
,,,,"<table border=""1"" cellpadding=""3"" cellspacing=""3"">",
,,,,    <tr>,
,,,,"<td valign=""top""><font size=""1"" face=""Verdana"">revived",
,,,,revolted,
,,,,revolting,
,,,,revolutionary,
,,,,rewarded,
,,,,rich,
,,,,ridden,
,,,,ridiculed,
,,,,ridiculous,
,,,,riding high,
,,,,right,
,,,,righteous,
,,,,rigid,
,,,,rigorous,
,,,,riled,
,,,,ripped,
,,,,ripped off,
,,,,riveted,
,,,,robbed,
,,,,robot like,
,,,,robotic </font></td>,
,,,,"<td valign=""top""><font size=""1"" face=""Verdana"">robust",
,,,,romantic,
,,,,rotten,
,,,,rough,
,,,,rowdy,
,,,,rubbery,
,,,,rubricized,
,,,,rude,
,,,,rudderless,
,,,,rueful,
,,,,ruffled,
,,,,ruined,
,,,,ruled,
,,,,run down,
,,,,run out,
,,,,run over,
,,,,rushed,
,,,,ruthful,
,,,,ruthless,
,,,,<br>,
,,,,</font></td>,
,,,,"<td valign=""top""><font size=""1"" face=""Verdana"">S",
,,,,=====,
,,,,<br>,
,,,,sabotaged,
,,,,sacrificed,
,,,,sacrificial,
,,,,sacrilegious,
,,,,sad,
,,,,sadistic,
,,,,safe,
,,,,sagacious,
,,,,sage,
,,,,salacious,
,,,,sanctified,
,,,,santifying,
,,,,sanctimonious,
,,,,sanctioned,
,,,,sandpapered,
,,,,sane,
,,,,sanguinary,
,,,,sanguine </font></td>,
,,,,"<td valign=""top""><font size=""1"" face=""Verdana"">sapient",
,,,,sarcastic,
,,,,sardonic,
,,,,sassy,
,,,,sated,
,,,,satiated,
,,,,satisfied,
,,,,saturated,
,,,,saturnine,
,,,,saucy,
,,,,saved,
,,,,savvy,
,,,,scandalized,
,,,,scandalous,
,,,,scapegoated,
,,,,scared,
,,,,scarred,
,,,,scathed,
,,,,scattered,
,,,,scheming,
,,,,scientific </font></td>,
,,,,"<td valign=""top""><font size=""1"" face=""Verdana"">scintillated",
,,,,<br>,
,,,,scintillating,
,,,,scurrilous,
,,,,scoffed at,
,,,,scolded,
,,,,scorn,
,,,,scorned,
,,,,scornful,
,,,,screwed,
,,,,screwed over,
,,,,screwed up,
,,,,scrutinized,
,,,,sealed out,
,,,,sealed in,
,,,,sealed off,
,,,,sealed out,
,,,,sealed up,
,,,,searching,
,,,,seared,
,,,,second,
,,,,secondary </font></td>,
,,,,"<td valign=""top""><font size=""1"" face=""Verdana"">second-class",
,,,,<br>,
,,,,second-guessed,
,,,,second-rate,
,,,,secure,
,,,,sedate,
,,,,sedentary,
,,,,seditious,
,,,,seduced,
,,,,seductive,
,,,,seeking,
,,,,seething,
,,,,seized,
,,,,selected,
,,,,selective,
,,,,selt-abasing,
,,,,self-absorbed,
,,,,self-acceptance,
,,,,self-acceptant,
,,,,self-accepting,
,,,,self-agrandizing,
,,,,self-assured </font></td>,
,,,,"<td valign=""top""><font size=""1"" face=""Verdana"">self-centered",
,,,,<br>,
,,,,self-confident,
,,,,self-conscious,
,,,,self-critical,
,,,,self-deprecating,
,,,,self-depreciating,
,,,,self-destructive,
,,,,self-disciplined,
,,,,self-effacing,
,,,,self-expressed,
,,,,self-flagellating,
,,,,self-forgiving,
,,,,self-hate,
,,,,self-hating,
,,,,self-hatred,
,,,,self-indulgent,
,,,,self-loathing,
,,,,self-love,
,,,,self-pitying,
,,,,self-pleasing,
,,,,self-reflective </font></td>,
,,,,"<td valign=""top""><font size=""1"" face=""Verdana"">self-rejection",
,,,,<br>,
,,,,self-reliant,
,,,,self-righteous,
,,,,self-sacrificing,
,,,,self-satisfied,
,,,,self-serving,
,,,,self-understanding,
,,,,selfish,
,,,,selfless,
,,,,senile,
,,,,sensational,
,,,,sensible,
,,,,sensitive,
,,,,sensual,
,,,,sensuous,
,,,,sentenced,
,,,,sentimental,
,,,,separated,
,,,,serene,
,,,,serendipitous,
,,,,serious </font></td>,
,,,,"<td valign=""top""><font size=""1"" face=""Verdana"">servile",
,,,,set,
,,,,set up,
,,,,settled,
,,,,sexy,
,,,,shadowed,
,,,,shaken,
,,,,shaky,
,,,,shallow,
,,,,shamed,
,,,,shameful,
,,,,shaped,
,,,,sharky,
,,,,sharp,
,,,,shattered,
,,,,sheepish,
,,,,sheltered,
,,,,shielded,
,,,,shocked,
,,,,shook-up,
,,,,shortchanged </font></td>,
,,,,"<td valign=""top""><font size=""1"" face=""Verdana"">shot-down",
,,,,shouted at,
,,,,shredded,
,,,,shrewd,
,,,,shrunk, shrunken
,,,,shunned,
,,,,shut out,
,,,,shy,
,,,,sick,
,,,,sick at heart,
,,,,sickened,
,,,,side-lined,
,,,,significant,
,,,,silenced,
,,,,silent,
,,,,silly,
,,,,simple,
,,,,simplified,
,,,,sincere,
,,,,sinful,
,,,,single </font></td>,
,,,,sinister,
,,,,sinking,
,,,,skanky,
,,,,skeptical,
,,,,sketchy,
,,,,skilled,
,,,,skillful,
,,,,skipped,
,,,,skittish,
,,,,slack,
,,,,slain,
,,,,slandered,
,,,,slaughtered,
,,,,sleazy,
,,,,sleepy,
,,,,slap happy,
,,,,sledged,
,,,,slighted,
,,,,sloppy,
,,,,sloshed </font></td>,
,,,,slovenly,
,,,,slow,
,,,,slugged,
,,,,sluggish,
,,,,slutty,
,,,,sly,
,,,,small,
,,,,smarmy,
,,,,smart,
,,,,smart-alecky,
,,,,smart assy,
,,,,smacked,
,,,,smacked down,
,,,,smashed,
,,,,smitten,
,,,,smooth,
,,,,smothered,
,,,,smudged,
,,,,smug,
,,,,snapped at </font></td>,
,,,,snarled at,
,,,,sneaky,
,,,,snobbish,
,,,,snobby,
,,,,snoopy,
,,,,snowed,
,,,,snubbed,
,,,,snuggled,
,,,,soaring,
,,,,sociable,
,,,,social,
,,,,socialistic,
,,,,sodden,
,,,,soft,
,,,,soft-hearted,
,,,,sold,
,,,,sold-out,
,,,,solemn,
,,,,solid,
,,,,solitary </font></td>,
,,,,soothed,
,,,,sophisticated,
,,,,sophomoric,
,,,,sordid,
,,,,sore,
,,,,sorrow,
,,,,sorrowful,
,,,,sorry,
,,,,sough,
,,,,sound,
,,,,sour,
,,,,soured,
,,,,spared,
,,,,sparkling,
,,,,spartan,
,,,,spastic,
,,,,special,
,,,,speechless,
,,,,spellbound,
,,,,spent </font></td>,
,,,,spewed out,
,,,,spineless,
,,,,spirited,
,,,,spiritless,
,,,,spit on,
,,,,spit out,
,,,,spiteful,
,,,,splendid,
,,,,splendiferous,
,,,,spoiled,
,,,,spontaneous,
,,,,spooked,
,,,,sprightly,
,,,,spry,
,,,,spunky,
,,,,squandered,
,,,,squashed,
,,,,squeamish,
,,,,squeezed,
,,,,squelched </font></td>,
,,,,stained,
,,,,stale,
,,,,stalked,
,,,,startled,
,,,,starved,
,,,,static,
,,,,steamed-up,
,,,,stepped-on,
,,,,stepped-over,
,,,,stereotyped,
,,,,sterile,
,,,,stern,
,,,,stewing,
,,,,stiff,
,,,,stifled,
,,,,stigmatized,
,,,,still,
,,,,stilted,
,,,,stimulated,
,,,,stingy </font></td>,
,,,,stodgy,
,,,,stoic,
,,,,stolid,
,,,,stomped on,
,,,,stoned,
,,,,stonewalled,
,,,,stoppable,
,,,,stopped,
,,,,stout,
,,,,stout hearted,
,,,,straight-laced,
,,,,straightjacketed,
,,,,strained,
,,,,stranded,
,,,,strange,
,,,,strangled,
,,,,strengthened,
,,,,stressed,
,,,,stretched,
,,,,stricken </font></td>,
,,,,stroked,
,,,,strong,
,,,,strong-armed,
,,,,strong-willed,
,,,,struck,
,,,,struck down,
,,,,stubborn,
,,,,stuck,
,,,,stuck-up,
,,,,studious,
,,,,stuffed,
,,,,stumped,
,,,,stunned,
,,,,stunning,
,,,,stunted,
,,,,stupefied,
,,,,stupendous,
,,,,stupid,
,,,,stylish,
,,,,suave </font></td>,
,,,,subjugated,
,,,,submissive,
,,,,subordinate,
,,,,subordinated,
,,,,subservient,
,,,,subtle,
,,,,subversive,
,,,,subverted,
,,,,successful,
,,,,sucked up to,
,,,,suckered,
,,,,suffering,
,,,,suffocated,
,,,,suicidal,
,,,,sulking,
,,,,sulky,
,,,,sullen,
,,,,sullied,
,,,,sunk,
,,,,sunny </font></td>,
,,,,superb,
,,,,supercilious,
,,,,superficial,
,,,,superior,
,,,,superseded,
,,,,superstitious,
,,,,supported,
,,,,supportive,
,,,,suppressed,
,,,,sure,
,,,,surly,
,,,,surpassed,
,,,,surprised,
,,,,surreal,
,,,,surrendered,
,,,,surveyed,
,,,,susceptible,
,,,,suspended,
,,,,suspending,
,,,,suspicious </font></td>,
,,,,sweet,
,,,,swell,
,,,,swindled,
,,,,switched on,
,,,,sycophantic,
,,,,symmetrical,
,,,,sympathetic,
,,,,sympathy,
,,,,systematic,
