,,,,blacklivesmatter
,,,,socialists4blacklives
,,,,antitrump
,,,,armed
,,,,arrest
,,,,arrested
,,,,blacklivesmatter
,,,,carry
,,,,carrying
,,,,gun
,,,,guns
,,,,nevertrump
,,,,notrump
,,,,opencarry
,,,,protest
,,,,protester
,,,,protesters
,,,,rally
,,,,rncprotests
,,,,socialists4blacklives
,,,,#blacklivesmatter
,,,,#socialists4blacklives
,,,,#antitrump
,,,,#armed
,,,,#arrest
,,,,#arrested
,,,,#blacklivesmatter
,,,,#carry
,,,,#carrying
,,,,#gun
,,,,#guns
,,,,#nevertrump
,,,,#notrump
,,,,#open carry
,,,,#opencarry
,,,,#protest
,,,,#protester
,,,,#protesters
,,,,#rally
,,,,#rncprotests
,,,,#socialists4blacklives
