,,,,ambulance
,,,,chief
,,,,cop
,,,,cops
,,,,guard
,,,,helicopter
,,,,helicopters
,,,,helpline
,,,,investigate
,,,,investigation
,,,,investigator
,,,,investigators
,,,,military
,,,,officer
,,,,pd
,,,,police
,,,,sheriff
,,,,swat
,,,,swats
,,,,tsa
,,,,#ambulance
,,,,#chief
,,,,#cop
,,,,#cops
,,,,#guard
,,,,#helicopter
,,,,#helicopters
,,,,#helpline
,,,,#investigate
,,,,#investigation
,,,,#investigator
,,,,#investigators
,,,,#military
,,,,#officer
,,,,#pd
,,,,#police
,,,,#sheriff
,,,,#swat
,,,,#swats
,,,,#tsa
