,,,,#2016cle
,,,,#antitrump
,,,,#convention
,,,,#dernc2016
,,,,#donaldtrump
,,,,#donaldtrump
,,,,#election2016
,,,,#gop
,,,,#gopconvention
,,,,#gopconvention2016
,,,,#makeamericagreatagain
,,,,#makeamericarageagain
,,,,#melaniatrump
,,,,#nevertrump
,,,,#notrump
,,,,#ohiogop
,,,,#republican
,,,,#republicanparty
,,,,#rnc
,,,,#rnc2016
,,,,#rnccleveland
,,,,#rnccleveland
,,,,#rncconvention2016
,,,,#rncincle
,,,,#stoptrump
,,,,#trump
,,,,#trump2016
,,,,#walloftrump
,,,,2016cle
,,,,antitrump
,,,,convention
,,,,dernc2016
,,,,donaldtrump
,,,,donaldtrump
,,,,election2016
,,,,gop
,,,,gopconvention
,,,,gopconvention2016
,,,,makeamericagreatagain
,,,,makeamericarageagain
,,,,melaniatrump
,,,,nevertrump
,,,,notrump
,,,,ohiogop
,,,,republican
,,,,republicanparty
,,,,rnc
,,,,rnc2016
,,,,rnccleveland
,,,,rnccleveland
,,,,rncconvention2016
,,,,rncincle
,,,,stoptrump
,,,,trump
,,,,trump2016
,,,,walloftrump
